<?xml version="1.0" encoding="UTF-8"?>
<project-private xmlns="http://www.netbeans.org/ns/project-private/1">
    <editor-bookmarks xmlns="http://www.netbeans.org/ns/editor-bookmarks/2" lastBookmarkId="0"/>
    <open-files xmlns="http://www.netbeans.org/ns/projectui-open-files/2">
        <group>
            <file>file:/Users/cesarromanzuniga/Documents/ESCUELA/IngSisSem5/LOO/Proyectos/Proyecto_Final-LOO/Proyecto_Final/src/proyecto_final/Menu.java</file>
            <file>file:/Users/cesarromanzuniga/Documents/ESCUELA/IngSisSem5/LOO/Proyectos/Proyecto_Final-LOO/Proyecto_Final/src/proyecto_final/Reservacion_Form.java</file>
            <file>file:/Users/cesarromanzuniga/Documents/ESCUELA/IngSisSem5/LOO/Proyectos/Proyecto_Final-LOO/Proyecto_Final/src/proyecto_final/Base.java</file>
            <file>file:/Users/cesarromanzuniga/Documents/ESCUELA/IngSisSem5/LOO/Proyectos/Proyecto_Final-LOO/Proyecto_Final/src/proyecto_final/Reservaciones.java</file>
        </group>
    </open-files>
</project-private>
